{
    "overshooting_over_time": {
        "0": 0.43297575114702097,
        "1": 0.30213869438134616,
        "2": 0.10105835339534673,
        "3": 0.31451134927162755,
        "4": 0.19789841675329078,
        "5": 0.1676434855185726,
        "6": 0.31278301998727237,
        "7": 0.15379013077096004,
        "8": 0.15507928712078536,
        "9": 0.0636983662165289,
        "10": 0.298473007938211,
        "11": 0.2697138129068745,
        "12": 0.0992512340464699,
        "13": 0.1549861264648541,
        "14": 0.16509800194132476,
        "15": 0.11115428317770495,
        "16": 0.20428395069152397,
        "17": 0.15611328835565128,
        "18": 0.4134609975165736,
        "19": 0.19358582801763485,
        "20": 0.27272037659183057,
        "21": 0.2208996227694093,
        "22": 0.1674371132138827,
        "23": 0.23242979495637728,
        "24": 0.19581921596785679,
        "25": 0.16917951841877316,
        "26": 0.11961334542853325,
        "27": 0.15608557202067405,
        "28": 0.12242203409609931,
        "29": 0.07682450786949416,
        "30": 0.11046408313571338,
        "31": 0.11136980545176237,
        "32": 0.09520596896555583,
        "33": 0.14648527521009044,
        "34": 0.16760198451086308,
        "35": 0.1290681797970464,
        "36": 0.28015698864493765,
        "37": 0.08711181086121417,
        "38": 0.12480825791938499,
        "39": 0.256284180074841,
        "40": 0.1380194189734389,
        "41": 0.046846676951147664,
        "42": 0.15590476646588872,
        "43": 0.18402468695893445,
        "44": 0.1217496930475129,
        "45": 0.08542903008215927,
        "46": 0.026567664701371358,
        "47": 0.04295553030181796,
        "48": 0.20879542552199484,
        "49": 0.0788633384557852,
        "50": 0.041212952211447294,
        "51": 0.11775683218918041,
        "52": 0.05167401858067908,
        "53": 0.12915554878866542,
        "54": 0.09306116570681981,
        "55": 0.05267692453143236,
        "56": 0.11708357861265345,
        "57": 0.18449936610736617,
        "58": 0.22551282241997175,
        "59": 0.1440420197221704,
        "60": 0.061398849082520676,
        "61": 0.030155021707815133,
        "62": 0.03946456545667713,
        "63": 0.081967104241914,
        "64": 0.05046818257050836,
        "65": 0.13871293247454108,
        "66": 0.20375772346244486,
        "67": 0.1671706932515113,
        "68": 0.11160149716686227,
        "69": 0.08378159814918625,
        "70": 0.13876320591351596,
        "71": 0.07120487093296429,
        "72": 0.16015073406773736,
        "73": 0.05467338856654231,
        "74": 0.029127975467571933,
        "75": 0.10557692271313882,
        "76": 0.03484353325788184,
        "77": 0.03192205973567367,
        "78": 0.07908425736884969,
        "79": 0.21487816251999817,
        "80": 0.06613824882188558,
        "81": 0.06152909507012574,
        "82": 0.18248029844428473,
        "83": 0.029948308349564464,
        "84": 0.039566131492200535,
        "85": 0.08429956753636343,
        "86": 0.1924269490876514,
        "87": 0.12295395203699284,
        "88": 0.09318127247810948,
        "89": 0.12742520758999612,
        "90": 0.09185708128300206,
        "91": 0.054917540566674944,
        "92": 0.04942407801093034,
        "93": 0.0810078109681293,
        "94": 0.10398376617129833,
        "95": 0.09108090095473398,
        "96": 0.06389831716416271,
        "97": 0.1312073706899164,
        "98": 0.08372410586825552,
        "99": 0.05890470849638981
    },
    "overshooting_per_type": {
        "6": 0.2520412811272704,
        "8": 0.24532979268100505,
        "7": 0.14608569056960996,
        "21": 0.18423421602051118,
        "11": 0.14642873264617381,
        "1": 0.09324547004016863,
        "5": 0.08245288600438656,
        "0": 0.09749049094856026,
        "12": 0.20103859175012925,
        "15": 0.2861229676119076,
        "9": 0.19826846665837022,
        "2": 0.2587106682279697
    },
    "opacities_per_type": {
        "scaffold": {
            "mu": 0.27726021292130304,
            "sigma": 0.2253436452674054
        },
        "cross_sections": {
            "mu": 0.31916040282950997,
            "sigma": 0.1921347735717917
        },
        "edges": {
            "mu": 0.44977503125139584,
            "sigma": 0.2366385588110531
        },
        "silhouette": {
            "mu": 0.4734431772736003,
            "sigma": 0.283946125053846
        }
    }
}