{
    "overshooting_over_time": {
        "0": 0.1248076474569635,
        "1": 0.10107083842463409,
        "2": 0.14200957658727192,
        "3": 0.17321332507169238,
        "4": 0.14491690417964662,
        "5": 0.12631006206327067,
        "6": 0.1513249921708352,
        "7": 0.15031873880184535,
        "8": 0.1705109814904507,
        "9": 0.12170879985236475,
        "10": 0.2468174385323085,
        "11": 0.22731728515055877,
        "12": 0.16480535476823904,
        "13": 0.16397535042295364,
        "14": 0.11941041625958027,
        "15": 0.14448128150317865,
        "16": 0.1317738859508596,
        "17": 0.11801095117392608,
        "18": 0.12227640072938169,
        "19": 0.22097735779872482,
        "20": 0.06422997892110387,
        "21": 0.1219747865768422,
        "22": 0.15092057794766,
        "23": 0.19126819010572405,
        "24": 0.14776664939057987,
        "25": 0.13925397704694456,
        "26": 0.09467803676105169,
        "27": 0.08069534138529239,
        "28": 0.14139416740136176,
        "29": 0.16402282313173644,
        "30": 0.123544048379719,
        "31": 0.16246421043110862,
        "32": 0.1360815461306899,
        "33": 0.13589808839058523,
        "34": 0.1662655191004141,
        "35": 0.16598355315018815,
        "36": 0.1872993363376909,
        "37": 0.06010096455475082,
        "38": 0.09368007759555647,
        "39": 0.11940516172045607,
        "40": 0.21767013429506407,
        "41": 0.29331209298512895,
        "42": 0.1101240272191191,
        "43": 0.12684421551034658,
        "44": 0.05878990569972563,
        "45": 0.18967140255477996,
        "46": 0.11671892424112347,
        "47": 0.16114919399572986,
        "48": 0.15567816120428932,
        "49": 0.24633804418496824,
        "50": 0.13065879077397408,
        "51": 0.11243710352760806,
        "52": 0.11230400941988435,
        "53": 0.15110793116898008,
        "54": 0.06577515354949516,
        "55": 0.13629541659752836,
        "56": 0.054856079540364845,
        "57": 0.11480994030893976,
        "58": 0.07624311928194247,
        "59": 0.07827106303426802,
        "60": 0.1765700036478989,
        "61": 0.11051777512677283,
        "62": 0.13641351503773866,
        "63": 0.14188363570832183,
        "64": 0.09822273077715078,
        "65": 0.12054939768072392,
        "66": 0.1472129674407932,
        "67": 0.09488288795472484,
        "68": 0.16182640234838505,
        "69": 0.1312067786226996,
        "70": 0.04989365872400911,
        "71": 0.1029523408152122,
        "72": 0.10274751778606707,
        "73": 0.21083363760907456,
        "74": 0.06419318393436976,
        "75": 0.045960364560753184,
        "76": 0.13637951780117746,
        "77": 0.14002730640976516,
        "78": 0.1222164549266861,
        "79": 0.13831328559325504,
        "80": 0.18750303988783457,
        "81": 0.10714385526800495,
        "82": 0.11448177742556583,
        "83": 0.19484013889492896,
        "84": 0.10485279934953691,
        "85": 0.05972881800806265,
        "86": 0.06115750332607963,
        "87": 0.056794653804903165,
        "88": 0.10624414415075357,
        "89": 0.08145523975540946,
        "90": 0.04395231990204304,
        "91": 0.04570931984703583,
        "92": 0.13269298689077358,
        "93": 0.09964184620714131,
        "94": 0.10359128943089253,
        "95": 0.0936400412259076,
        "96": 0.09104276298038812,
        "97": 0.17695802264687727,
        "98": 0.16268474858518273,
        "99": 0.19436089093641765
    },
    "overshooting_per_type": {
        "7": 0.11379376438652433,
        "1": 0.13591653479071913,
        "3": 0.10606990076237685,
        "15": 0.10461163248575646,
        "23": 0.19452433123658502,
        "0": 0.1353785670492072,
        "12": 0.15706106487986773,
        "5": 0.12464012662246036,
        "6": 0.1621085360606449,
        "21": 0.45157357590474306,
        "11": 0.08609349283518863,
        "10": 0.04858293776373901,
        "2": 0.13684735726829966,
        "20": 0.2059747145486397,
        "4": 0.02535403563525962,
        "24": 0.5745006828971605
    },
    "opacities_per_type": {
        "scaffold": {
            "mu": 0.21429475015812777,
            "sigma": 0.11268713252743377
        },
        "cross_sections": {
            "mu": 0.41307189542483663,
            "sigma": 0.08007002787510356
        },
        "vis_edges": {
            "mu": 0.4094771241830065,
            "sigma": 0.19867196919028854
        },
        "occ_edges": {
            "mu": 0.2328976034858388,
            "sigma": 0.18384443518659335
        },
        "silhouette": {
            "mu": 0.2747109100050276,
            "sigma": 0.1595593966864629
        }
    }
}