{
    "overshooting_over_time": {
        "0": 0.13753795788795276,
        "1": 0.22263786022018858,
        "2": 0.17570745296414714,
        "3": 0.12894347350425517,
        "4": 0.07727127346326004,
        "5": 0.17064428848266652,
        "6": 0.26185542031133,
        "7": 0.1823291566636982,
        "8": 0.16573198289516314,
        "9": 0.2001584661852491,
        "10": 0.09203429912648664,
        "11": 0.08641241504219427,
        "12": 0.08857414662259015,
        "13": 0.15549544813526925,
        "14": 0.09988530237531879,
        "15": 0.1615887920325408,
        "16": 0.05592899335697072,
        "17": 0.1306007910735051,
        "18": 0.04041751721079174,
        "19": 0.1123046391649842,
        "20": 0.1603068888540025,
        "21": 0.11542209531168168,
        "22": 0.14257108009453115,
        "23": 0.16639645963120328,
        "24": 0.18403595110031518,
        "25": 0.11681741702341676,
        "26": 0.22637810701159528,
        "27": 0.11166726862735693,
        "28": 0.07918856686534846,
        "29": 0.1344550464238908,
        "30": 0.09811185727048691,
        "31": 0.057369548479340386,
        "32": 0.11021462120772743,
        "33": 0.10062868220679484,
        "34": 0.12381006345600575,
        "35": 0.08077471641424558,
        "36": 0.08377560213897152,
        "37": 0.051418330506589824,
        "38": 0.06784721750730452,
        "39": 0.13992798389437175,
        "40": 0.07999785720982623,
        "41": 0.041797728384091105,
        "42": 0.09289178173794596,
        "43": 0.03629586710886235,
        "44": 0.08455697512363132,
        "45": 0.13503987795368527,
        "46": 0.1689077576989498,
        "47": 0.07525282270268804,
        "48": 0.11221807978930917,
        "49": 0.054524301393604105,
        "50": 0.12340539067199978,
        "51": 0.07021110461089508,
        "52": 0.10073684056900734,
        "53": 0.09948742335171734,
        "54": 0.053506637288087786,
        "55": 0.05799651349435759,
        "56": 0.09905514575643919,
        "57": 0.088089672337927,
        "58": 0.13246318981705799,
        "59": 0.28871885710002015,
        "60": 0.12115303825996199,
        "61": 0.12547004245997742,
        "62": 0.18200691693385604,
        "63": 0.11159987215383337,
        "64": 0.10343336316335708,
        "65": 0.05037864862143886,
        "66": 0.1955605381175196,
        "67": 0.1747550959824682,
        "68": 0.07691534191887302,
        "69": 0.15395206909454284,
        "70": 0.08658475775449433,
        "71": 0.12420060118207381,
        "72": 0.08002123580162576,
        "73": 0.04390819143060075,
        "74": 0.12390324268268142,
        "75": 0.03246433489350207,
        "76": 0.1460695701848028,
        "77": 0.1308557811889051,
        "78": 0.0679278418164887,
        "79": 0.06466989276424409,
        "80": 0.13602693958183254,
        "81": 0.07306108930482678,
        "82": 0.09773909437642497,
        "83": 0.08876459834671811,
        "84": 0.12988769431113903,
        "85": 0.09844059880260544,
        "86": 0.05732050376777657,
        "87": 0.047895178325652134,
        "88": 0.07436830373253082,
        "89": 0.0428354869819445,
        "90": 0.07192647523506136,
        "91": 0.17007542269031722,
        "92": 0.09885880929189153,
        "93": 0.07752630498778863,
        "94": 0.08551409869841417,
        "95": 0.12568777767131617,
        "96": 0.10647593296231618,
        "97": 0.15229530718745693,
        "98": 0.10401821292727129,
        "99": 0.2722322401886898
    },
    "overshooting_per_type": {
        "7": 0.12742316453945018,
        "1": 0.10955830370843372,
        "3": 0.08502214220251267,
        "16": 0.06803297077185672,
        "6": 0.1261328880349894,
        "0": 0.10411216001763955,
        "5": 0.09888104230816738,
        "21": 0.14792648763790514,
        "23": 0.003822980793054015,
        "14": 0.094409930304063,
        "12": 0.17141299618305286,
        "11": 0.09385277615260977,
        "15": 0.14873735096991095,
        "4": 0.525622887766986,
        "2": 0.024770752205973773,
        "20": 0.15459350862000623,
        "9": 0.14018662239178914,
        "24": 0.17734637577429846,
        "10": 0.23370909964295383
    },
    "opacities_per_type": {
        "scaffold": {
            "mu": 0.6641249092229485,
            "sigma": 0.3092213963987243
        },
        "cross_sections": {
            "mu": 0.5755265068990559,
            "sigma": 0.3028983973623147
        },
        "vis_edges": {
            "mu": 0.8252602275478093,
            "sigma": 0.2004722408967388
        },
        "occ_edges": {
            "mu": 0.6132897603485838,
            "sigma": 0.11581278034864002
        },
        "silhouette": {
            "mu": 0.8464052287581699,
            "sigma": 0.22755671890471804
        }
    }
}