{
    "overshooting_over_time": {
        "0": 0.01584167366039202,
        "1": 0.02596303915204845,
        "2": 0.17738219430819635,
        "3": 0.08500072284580035,
        "4": 0.1385154136521718,
        "5": 0.40335396521560013,
        "6": 0.34082368428240684,
        "7": 0.2817499132548163,
        "8": 0.07083126859574713,
        "9": 0.08355410057950385,
        "10": 0.08214017063557637,
        "11": 0.08461480498242008,
        "12": 0.043503975883667355,
        "13": 0.04489492444748999,
        "14": 0.26226311515275574,
        "15": 0.04952650264574898,
        "16": 0.39124936195558496,
        "17": 0.03672233170813416,
        "18": 0.057143923774504356,
        "19": 0.4275811221849022,
        "20": 0.12525970875683945,
        "21": 0.026587822906771308,
        "22": 0.19271741595901615,
        "23": 0.12247218910608831,
        "24": 0.07479736113392939,
        "25": 0.26151038707739294,
        "26": 0.13596714014386968,
        "27": 0.19870342252074907,
        "28": 0.1693148603103268,
        "29": 0.10287462305065448,
        "30": 0.05911971928935563,
        "31": 0.08768922809201374,
        "32": 0.03457753362524677,
        "33": 0.2051475183710606,
        "34": 0.02835615872043166,
        "35": 0.013755849861885494,
        "36": 0.16008771796072305,
        "37": 0.0,
        "38": 0.25862133858102737,
        "39": 0.34129088505943883,
        "40": 0.2106955289071709,
        "41": 0.008776933392243613,
        "42": 0.11676142073555806,
        "43": 0.020019062259426068,
        "44": 0.11113084054698497,
        "45": 0.08237115306871123,
        "46": 0.060167593514983166,
        "47": 0.005669388118072105,
        "48": 0.17866710395638005,
        "49": 0.0003811999495447749,
        "50": 0.05423009364789211,
        "51": 0.10193271798447973,
        "52": 0.47251890973789323,
        "53": 0.36962970436828546,
        "54": 0.42836229645831897,
        "55": 0.3840783586543079,
        "56": 0.2042039412340059,
        "57": 0.6707382307698206,
        "58": 0.4803030828786187,
        "59": 0.19577133316736783,
        "60": 0.22970390267005103,
        "61": 0.5627050734004448,
        "62": 0.33281617228356297,
        "63": 0.3537030348889506,
        "64": 0.3682034530840545,
        "65": 0.19716051690322917,
        "66": 0.05009530410295079,
        "67": 0.20832686656879057,
        "68": 0.3379161567489916,
        "69": 0.03473403518984064,
        "70": 0.15427822378513967,
        "71": 0.04168068207440756,
        "72": 0.28386694137738183,
        "73": 0.011159702430175389,
        "74": 0.3948366903354981,
        "75": 0.011863223648576393,
        "76": 0.12374783109544747,
        "77": 0.1229291294767288,
        "78": 0.0011779913260839454,
        "79": 0.1761793384469113,
        "80": 0.4208664900229575,
        "81": 0.00401492300109535,
        "82": 0.1493437846597161,
        "83": 0.008099204142014593,
        "84": 0.320723912632273,
        "85": 0.26744159698815434,
        "86": 0.16666666666668148,
        "87": 0.6922380795299073,
        "88": 0.19030196552285863,
        "89": 0.18813488497370356,
        "90": 0.21118636970775873,
        "91": 0.47522523900227004,
        "92": 0.6328857924443575,
        "93": 0.11483606442889194,
        "94": 0.10042762484229635,
        "95": 0.2749216474401366,
        "96": 0.1384201414513847,
        "97": 0.32346679232066056,
        "98": 0.4319016717966044,
        "99": 0.5744927411413251
    },
    "overshooting_per_type": {
        "24": 0.1497707625790544,
        "7": 0.17443527791793398,
        "6": 0.10599147977721483,
        "21": 0.3391429112505258,
        "1": 0.1927966930593828,
        "3": 0.10997197004226711,
        "12": 0.17863729444982904,
        "11": 0.1435470100780072,
        "0": 0.15876680739658788,
        "15": 0.2961275177516236,
        "5": 0.15133055279075752,
        "23": 0.310359977500933
    },
    "opacities_per_type": {
        "scaffold": {
            "mu": 0.1906259451255277,
            "sigma": 0.12395693532095284
        },
        "cross_sections": {
            "mu": 0.26504529574261027,
            "sigma": 0.17100148912132615
        },
        "edges": {
            "mu": 0.2923478093970784,
            "sigma": 0.1824212078494487
        },
        "silhouette": {
            "mu": 0.32469138920413554,
            "sigma": 0.2073151145119306
        }
    }
}