{
    "overshooting_over_time": {
        "0": 0.09331392593714997,
        "1": 0.14964432038023567,
        "2": 0.11829462536240684,
        "3": 0.18996868803945438,
        "4": 0.20470223642941623,
        "5": 0.2572738239974863,
        "6": 0.3324954654291671,
        "7": 0.19372490837937648,
        "8": 0.2203283074503426,
        "9": 0.3383074351535115,
        "10": 0.25057405767254914,
        "11": 0.07892126007753951,
        "12": 0.22361652397096896,
        "13": 0.16557604341818655,
        "14": 0.22162331654354886,
        "15": 0.18811404917400124,
        "16": 0.18424046277501005,
        "17": 0.16643201410460018,
        "18": 0.11996785183081767,
        "19": 0.1730878292633261,
        "20": 0.07554965217943684,
        "21": 0.08876281901207686,
        "22": 0.09021328655217455,
        "23": 0.1538142831645298,
        "24": 0.11899675910223895,
        "25": 0.06530291867376614,
        "26": 0.27845699689930103,
        "27": 0.17734545956463352,
        "28": 0.1689561369831059,
        "29": 0.08936797905190748,
        "30": 0.06487315165744313,
        "31": 0.05431311945433055,
        "32": 0.1079913203768192,
        "33": 0.1325740253072871,
        "34": 0.11654784200817161,
        "35": 0.09931944489731312,
        "36": 0.05887187181792935,
        "37": 0.1687208082442517,
        "38": 0.09047417080030103,
        "39": 0.08382679483746361,
        "40": 0.09690653181493389,
        "41": 0.07180263871702125,
        "42": 0.06826038610987942,
        "43": 0.08580851214144279,
        "44": 0.13496557227215286,
        "45": 0.04435958782986635,
        "46": 0.18996880490391935,
        "47": 0.07560414786378995,
        "48": 0.06939373840150857,
        "49": 0.06072777757244671,
        "50": 0.10774028474619318,
        "51": 0.03796261419876969,
        "52": 0.07379353594114785,
        "53": 0.029056455773139072,
        "54": 0.15341990079291803,
        "55": 0.09572208946768566,
        "56": 0.05583946747128167,
        "57": 0.18965351442033265,
        "58": 0.07098763370485665,
        "59": 0.20994803696899839,
        "60": 0.012025264419310464,
        "61": 0.05700047191285759,
        "62": 0.06246964229450698,
        "63": 0.09918606636024152,
        "64": 0.06192451017315363,
        "65": 0.10210374489213776,
        "66": 0.0560304090033277,
        "67": 0.08746268183338146,
        "68": 0.04428261842826463,
        "69": 0.07991705850725188,
        "70": 0.13631938721379008,
        "71": 0.05993335018797315,
        "72": 0.05225654419783017,
        "73": 0.09808814939313591,
        "74": 0.05759757819741336,
        "75": 0.07745629671957245,
        "76": 0.07253825879743893,
        "77": 0.13306603371027917,
        "78": 0.12281504563510356,
        "79": 0.07578708276905367,
        "80": 0.07707012253293216,
        "81": 0.09077065735389038,
        "82": 0.1281338797271087,
        "83": 0.07396905262442044,
        "84": 0.11302969783949504,
        "85": 0.09020264341981685,
        "86": 0.11392179324440799,
        "87": 0.10396591630456113,
        "88": 0.09025076861224622,
        "89": 0.04867607604271665,
        "90": 0.07333912798960318,
        "91": 0.13381648620442863,
        "92": 0.13892542968570043,
        "93": 0.09576145699429627,
        "94": 0.08012208154333546,
        "95": 0.0364007972948818,
        "96": 0.10367663379873072,
        "97": 0.0814940245294398,
        "98": 0.08486687862336706,
        "99": 0.15278795978150264
    },
    "overshooting_per_type": {
        "7": 0.13814768828090426,
        "21": 0.2076620275533621,
        "6": 0.11927725780346617,
        "20": 0.16980597908496073,
        "12": 0.10894247691311512,
        "1": 0.08168953118077663,
        "15": 0.10584987427041337,
        "0": 0.0709803843264913,
        "3": 0.1057460336787981,
        "24": 0.08432335985001893,
        "16": 0.06572923581083905,
        "23": 0.0,
        "4": 0.21881695282350738,
        "11": 0.11806814097040297,
        "13": 0.06420119051269504,
        "9": 0.08197891598033284,
        "5": 0.04793455526376548
    },
    "opacities_per_type": {
        "scaffold": {
            "mu": 0.24762641898864807,
            "sigma": 0.17341798962269536
        },
        "cross_sections": {
            "mu": 0.5022875816993463,
            "sigma": 0.13042000128601303
        },
        "vis_edges": {
            "mu": 0.5647331154684095,
            "sigma": 0.24070696037361497
        },
        "occ_edges": {
            "mu": 0.35,
            "sigma": 0.10872633002380785
        },
        "silhouette": {
            "mu": 0.6677224736048265,
            "sigma": 0.2817338774300749
        }
    }
}