{
    "overshooting_over_time": {
        "0": 0.13841952959565113,
        "1": 0.15865030850517733,
        "2": 0.0676590978801811,
        "3": 0.0980408637160382,
        "4": 0.11449814606509984,
        "5": 0.12054420762860413,
        "6": 0.10440393947236952,
        "7": 0.19667142644358168,
        "8": 0.21815602279407775,
        "9": 0.060723813311305275,
        "10": 0.2566298374678958,
        "11": 0.09329740305249093,
        "12": 0.2579516607049092,
        "13": 0.1598697228490599,
        "14": 0.06491775442549363,
        "15": 0.13500801649199856,
        "16": 0.06370310977646416,
        "17": 0.058738613154570296,
        "18": 0.17398877590979972,
        "19": 0.2725008768553862,
        "20": 0.09072203634722102,
        "21": 0.10609728330414954,
        "22": 0.256841587612895,
        "23": 0.20588579083525138,
        "24": 0.19238160187339476,
        "25": 0.07510309361673391,
        "26": 0.025170159925435993,
        "27": 0.03771943613376799,
        "28": 0.15935655330189522,
        "29": 0.1280098823044128,
        "30": 0.06687446733793381,
        "31": 0.2067931696522044,
        "32": 0.07882413073165151,
        "33": 0.017684955952730824,
        "34": 0.13022414578206146,
        "35": 0.131713532031431,
        "36": 0.14457107970671798,
        "37": 0.07324669668855041,
        "38": 0.0535425221187282,
        "39": 0.1817747365021564,
        "40": 0.14915856770372038,
        "41": 0.20106079317641717,
        "42": 0.03855022476558381,
        "43": 0.13833312055434838,
        "44": 0.1206055661101881,
        "45": 0.21761058765588084,
        "46": 0.23390327582578438,
        "47": 0.13640482378931754,
        "48": 0.16313778327407855,
        "49": 0.16103010566950893,
        "50": 0.2038137879613912,
        "51": 0.034358725752856145,
        "52": 0.15348458166483292,
        "53": 0.14812572691444656,
        "54": 0.015187700970592374,
        "55": 0.09306192211880748,
        "56": 0.0810669837038771,
        "57": 0.07372431862380358,
        "58": 0.03848477075260642,
        "59": 0.11920274437802492,
        "60": 0.2299614009935482,
        "61": 0.10494820030243626,
        "62": 0.2360817742449964,
        "63": 0.17304642060617617,
        "64": 0.13618302302171276,
        "65": 0.33925077170203205,
        "66": 0.20522121710346286,
        "67": 0.055614090402763744,
        "68": 0.21168506726665184,
        "69": 0.10454027653005724,
        "70": 0.08912457248277122,
        "71": 0.14510734121608984,
        "72": 0.08294065369239831,
        "73": 0.09155178746788366,
        "74": 0.01705235182837117,
        "75": 0.02585223369663267,
        "76": 0.13401590601214505,
        "77": 0.11472415699406946,
        "78": 0.09940501346769252,
        "79": 0.10314385188629933,
        "80": 0.32742314193612687,
        "81": 0.17589576725234504,
        "82": 0.16050400145406565,
        "83": 0.3194170576044711,
        "84": 0.11610753314018835,
        "85": 0.02785133354123548,
        "86": 0.03619994239117286,
        "87": 0.013569106943555917,
        "88": 0.12082500519443032,
        "89": 0.08784229803449789,
        "90": 0.03295877104317957,
        "91": 0.019641533979444608,
        "92": 0.18796587588037642,
        "93": 0.16034870934977735,
        "94": 0.06119513219804379,
        "95": 0.17997755305756902,
        "96": 0.050502489185126676,
        "97": 0.15201315521789713,
        "98": 0.16412131281939077,
        "99": 0.07329107662861978
    },
    "overshooting_per_type": {
        "7": 0.11858505537818569,
        "15": 0.10635208438311268,
        "1": 0.12896610865939437,
        "0": 0.13073616402235191,
        "3": 0.08950640904516577,
        "6": 0.2234927237903231,
        "20": 0.2059747145486397,
        "4": 0.02194469661878255,
        "11": 0.08448157835259605,
        "12": 0.1701784915029983,
        "21": 0.17647058823521922,
        "5": 0.09162321693841899
    },
    "opacities_per_type": {
        "scaffold": {
            "mu": 0.22287581699346404,
            "sigma": 0.18828181160877405
        },
        "cross_sections": {
            "mu": 0.3899782135076253,
            "sigma": 0.14903234793736012
        },
        "vis_edges": {
            "mu": 0.3519607843137255,
            "sigma": 0.1609565871280045
        },
        "occ_edges": {
            "mu": 0.24019607843137258,
            "sigma": 0.15452610145957632
        },
        "silhouette": {
            "mu": NaN,
            "sigma": NaN
        }
    }
}