{
    "overshooting_over_time": {
        "0": 0.22649751926076603,
        "1": 0.2187762761328509,
        "2": 0.14048251004095447,
        "3": 0.09224820746987394,
        "4": 0.19659254744229387,
        "5": 0.26649801339820994,
        "6": 0.24641822749748352,
        "7": 0.2590489741226867,
        "8": 0.18184520812362626,
        "9": 0.17721666489676638,
        "10": 0.15412856045242063,
        "11": 0.1393847120785618,
        "12": 0.18550537970463718,
        "13": 0.21128337353953022,
        "14": 0.21617065606054425,
        "15": 0.16548803967128412,
        "16": 0.14281410432642894,
        "17": 0.2066338306783283,
        "18": 0.1684289179709459,
        "19": 0.1651891878355295,
        "20": 0.2235950198209226,
        "21": 0.21753044201721006,
        "22": 0.12785743218354442,
        "23": 0.20094769342822533,
        "24": 0.08578817223361344,
        "25": 0.09257176806344286,
        "26": 0.10867635147243464,
        "27": 0.2766608763658051,
        "28": 0.16674043857446702,
        "29": 0.16210122298346838,
        "30": 0.1896281072941847,
        "31": 0.16784860972016707,
        "32": 0.17141023389045126,
        "33": 0.20221034711450517,
        "34": 0.17572914160425765,
        "35": 0.1475768898596617,
        "36": 0.16451102221203875,
        "37": 0.2068945190635293,
        "38": 0.1308539676281396,
        "39": 0.15224105296899623,
        "40": 0.24756716773990778,
        "41": 0.1692921753208214,
        "42": 0.1420408344894039,
        "43": 0.11944952101415071,
        "44": 0.18558885908024297,
        "45": 0.15252404719113935,
        "46": 0.156947727098541,
        "47": 0.2895900262279996,
        "48": 0.10133673448763195,
        "49": 0.14299139806194036,
        "50": 0.17848490094187466,
        "51": 0.1099345889212378,
        "52": 0.1756238724800222,
        "53": 0.13355693099401492,
        "54": 0.12329957576534872,
        "55": 0.11973681183664871,
        "56": 0.18808259041075345,
        "57": 0.11393543846399445,
        "58": 0.1959437366916169,
        "59": 0.16471687487677858,
        "60": 0.2902867996528975,
        "61": 0.16939419190959315,
        "62": 0.1548028578695041,
        "63": 0.08014570832073631,
        "64": 0.1487101580261287,
        "65": 0.2095768982121994,
        "66": 0.14998509043893932,
        "67": 0.13620052489044904,
        "68": 0.07926672528277537,
        "69": 0.09818728939180395,
        "70": 0.0966055133751527,
        "71": 0.10598393861087685,
        "72": 0.20577493759108723,
        "73": 0.1773488222372155,
        "74": 0.10114122475885612,
        "75": 0.1509578298508077,
        "76": 0.09474033140282728,
        "77": 0.08230169272369038,
        "78": 0.10603728142452312,
        "79": 0.061377959708534435,
        "80": 0.08977114821502341,
        "81": 0.13038253826184046,
        "82": 0.1626685134218389,
        "83": 0.15092839838545777,
        "84": 0.10940601374212391,
        "85": 0.08598665808713746,
        "86": 0.12292707583083405,
        "87": 0.0816325818439664,
        "88": 0.07138114752989766,
        "89": 0.08406287827637622,
        "90": 0.15407687783641355,
        "91": 0.06130398828125543,
        "92": 0.11312295542997673,
        "93": 0.09877098270797054,
        "94": 0.11564695396426634,
        "95": 0.07093864537971652,
        "96": 0.10721850322400167,
        "97": 0.10229132303236071,
        "98": 0.1645469922736323,
        "99": 0.13538986320015742
    },
    "overshooting_per_type": {
        "7": 0.1948531061441461,
        "16": 0.15534254262297395,
        "6": 0.17917412548926143,
        "15": 0.13251472851587393,
        "23": 0.0,
        "1": 0.1070433683557436,
        "3": 0.0807719053739136,
        "0": 0.13027712840453137,
        "12": 0.18712469640463875,
        "21": 0.29136676841259895,
        "5": 0.1219483464806417,
        "11": 0.06435231191606532,
        "19": 0.10400407477500777,
        "4": 0.11353408668730643,
        "2": 0.14032764687329494,
        "9": 0.25211309638097995,
        "20": 0.28243246135675365,
        "10": 0.16758815712570377,
        "24": 0.01059784147828032
    },
    "opacities_per_type": {
        "scaffold": {
            "mu": 0.46042780748663104,
            "sigma": 0.19038125792710112
        },
        "cross_sections": {
            "mu": 0.8266666666666665,
            "sigma": 0.13318099717474066
        },
        "vis_edges": {
            "mu": 0.8072801397786837,
            "sigma": 0.22003320438477433
        },
        "occ_edges": {
            "mu": 0.803921568627451,
            "sigma": 0.0
        },
        "silhouette": {
            "mu": 0.7984873949579832,
            "sigma": 0.23880944783049543
        }
    }
}