{
    "overshooting_over_time": {
        "0": 0.28473309780805295,
        "1": 0.27718658490073717,
        "2": 0.12504164916251662,
        "3": 0.10048035124007862,
        "4": 0.19113002567669482,
        "5": 0.19308725463956525,
        "6": 0.2606023358577771,
        "7": 0.17633779864239657,
        "8": 0.15754575191082051,
        "9": 0.25091272488784844,
        "10": 0.13890495934320526,
        "11": 0.10300684850694332,
        "12": 0.19855048892187763,
        "13": 0.2394498538294966,
        "14": 0.14523260903883842,
        "15": 0.18339731662024616,
        "16": 0.10715391046429834,
        "17": 0.2515960330752004,
        "18": 0.09962129905417169,
        "19": 0.151380091805907,
        "20": 0.22756205629949486,
        "21": 0.17236270578815582,
        "22": 0.12831605507170893,
        "23": 0.1556065516646659,
        "24": 0.10380366465118336,
        "25": 0.048189732555051525,
        "26": 0.07594319513853719,
        "27": 0.27166464948528196,
        "28": 0.14175118305225995,
        "29": 0.22000542614434493,
        "30": 0.20873343868118602,
        "31": 0.18989493541730867,
        "32": 0.19483986276995255,
        "33": 0.22247899557962778,
        "34": 0.12858967481229863,
        "35": 0.19427620081844166,
        "36": 0.23341156261982357,
        "37": 0.1950778488719778,
        "38": 0.15359809395142754,
        "39": 0.2055240871593167,
        "40": 0.2946731303601797,
        "41": 0.17666308318767998,
        "42": 0.1968516677528009,
        "43": 0.15145357204712767,
        "44": 0.2708778396361316,
        "45": 0.2177848652261379,
        "46": 0.18827584972040454,
        "47": 0.2715044273011674,
        "48": 0.09414618835552728,
        "49": 0.18627719728144726,
        "50": 0.14080414808880215,
        "51": 0.13797083776096702,
        "52": 0.1833760277055188,
        "53": 0.10642251001293987,
        "54": 0.14410942952629147,
        "55": 0.10739206558123288,
        "56": 0.23373612131256769,
        "57": 0.06858749587094924,
        "58": 0.18167842695210967,
        "59": 0.12832440157380967,
        "60": 0.28601396025357506,
        "61": 0.08599904355605435,
        "62": 0.06579115324779096,
        "63": 0.09109584379790445,
        "64": 0.16226037159643272,
        "65": 0.2198005028257354,
        "66": 0.14866600788241816,
        "67": 0.10527871855185608,
        "68": 0.04713888150459514,
        "69": 0.06565823393214763,
        "70": 0.08545886005531617,
        "71": 0.1433285404630839,
        "72": 0.23344209927696824,
        "73": 0.11850168905241547,
        "74": 0.1317930133914131,
        "75": 0.1629491302381254,
        "76": 0.10101758077126269,
        "77": 0.08675319079037525,
        "78": 0.08456069366177851,
        "79": 0.07372921602029445,
        "80": 0.10929508603781933,
        "81": 0.16983681259115838,
        "82": 0.14429242886882127,
        "83": 0.13457987572874297,
        "84": 0.10207730462966996,
        "85": 0.0766174384395561,
        "86": 0.15537677613728762,
        "87": 0.10571927440793505,
        "88": 0.019811748897192432,
        "89": 0.06749986590830734,
        "90": 0.14105119104590016,
        "91": 0.0882032766386104,
        "92": 0.12270269478600579,
        "93": 0.10378611351142765,
        "94": 0.11398042727857251,
        "95": 0.06197937251866686,
        "96": 0.08350308321402222,
        "97": 0.10838971223713185,
        "98": 0.2211241035566719,
        "99": 0.08477441264341465
    },
    "overshooting_per_type": {
        "7": 0.215190938846951,
        "16": 0.15947410196084288,
        "12": 0.1884833852377561,
        "6": 0.15426653733710563,
        "11": 0.07201352243830282,
        "1": 0.09344973118361166,
        "0": 0.1321862829130325,
        "15": 0.1434174716617034,
        "21": 0.2945216939854943,
        "20": 0.28243246135675365,
        "19": 0.11032769468042909,
        "9": 0.2036565440853806,
        "3": 0.08250216450584189,
        "5": 0.10449254059989717,
        "4": 0.0683449672844367,
        "2": 0.1376451338718732,
        "10": 0.11294782978258229
    },
    "opacities_per_type": {
        "scaffold": {
            "mu": 0.34677495275943643,
            "sigma": 0.10360303506332905
        },
        "cross_sections": {
            "mu": 0.5228294037786558,
            "sigma": 0.13611393667190122
        },
        "edges": {
            "mu": 0.460388503015837,
            "sigma": 0.15646969766617422
        },
        "silhouette": {
            "mu": 0.46089273669217645,
            "sigma": 0.1668879963961994
        }
    }
}