{
    "overshooting_over_time": {
        "0": 0.08023383315338772,
        "1": 0.07014028974575798,
        "2": 0.15557520334160244,
        "3": 0.5703785300952349,
        "4": 0.15837236701398458,
        "5": 0.4873766581371492,
        "6": 0.19080941030824947,
        "7": 0.37042630403602966,
        "8": 0.31960962498076767,
        "9": 0.5158436930843536,
        "10": 0.24772823486024492,
        "11": 0.07834415235370511,
        "12": 0.5008751714464101,
        "13": 0.23341839890968477,
        "14": 0.10207908930310539,
        "15": 0.17145199135280087,
        "16": 0.36931948010249477,
        "17": 0.5350663806086249,
        "18": 0.20840527552367713,
        "19": 0.16373510933355845,
        "20": 0.07637458889224784,
        "21": 0.18893609499355374,
        "22": 0.06672968197574808,
        "23": 0.007919163065139031,
        "24": 0.06672199925249522,
        "25": 0.060201153084187865,
        "26": 0.06669350866364354,
        "27": 0.20589737367001393,
        "28": 0.3683645709548698,
        "29": 0.1333215672815275,
        "30": 0.10120247789301651,
        "31": 0.08501596570955994,
        "32": 0.22297422428945202,
        "33": 0.20947947875304285,
        "34": 0.23616512030101466,
        "35": 0.31873860835451184,
        "36": 0.27782153807770255,
        "37": 0.5719291708617184,
        "38": 0.18999394518413604,
        "39": 0.23154767765746834,
        "40": 0.12604104102910307,
        "41": 0.07362144293315058,
        "42": 0.041088619568263096,
        "43": 0.12189407981369299,
        "44": 0.0061593988134509186,
        "45": 0.07936442112330455,
        "46": 0.27348652197205403,
        "47": 0.038791746710759856,
        "48": 0.005997159871024597,
        "49": 0.08716185061283893,
        "50": 0.18135340957731227,
        "51": 0.034581182283870006,
        "52": 0.23911438547096125,
        "53": 0.035936401621400514,
        "54": 0.022144130210171087,
        "55": 0.011137506751176715,
        "56": 0.050336257545796126,
        "57": 0.008282263167513737,
        "58": 0.046740300478793885,
        "59": 0.14136957222333169,
        "60": 0.011491955140931634,
        "61": 0.009650684542626409,
        "62": 0.01623304395234885,
        "63": 0.1421738739339824,
        "64": 0.16908026102369406,
        "65": 0.11902507679661074,
        "66": 0.22165468511354192,
        "67": 0.22041704505715995,
        "68": 0.07445253114939898,
        "69": 0.08985531860557024,
        "70": 0.008031193957226512,
        "71": 0.0005147245074144102,
        "72": 0.022891208362671667,
        "73": 0.004047025508290447,
        "74": 0.10525261762558791,
        "75": 0.2324188091713103,
        "76": 0.17408111512752342,
        "77": 0.36364617135633764,
        "78": 0.07135037138750733,
        "79": 0.2057716069883367,
        "80": 0.17276459478388267,
        "81": 0.1052800988756808,
        "82": 0.05234962068031601,
        "83": 0.07238343715921824,
        "84": 0.39393737471927337,
        "85": 0.047032565954976235,
        "86": 0.2667544159657888,
        "87": 0.0726044994514976,
        "88": 0.08163613431727905,
        "89": 0.02859071272463748,
        "90": 0.014422253286165495,
        "91": 0.41940631121178346,
        "92": 0.29967776335745183,
        "93": 0.23256900194861163,
        "94": 0.2590833785797703,
        "95": 0.06019022428253732,
        "96": 0.22154659952989253,
        "97": 0.1742689819435699,
        "98": 0.041835409557219094,
        "99": 0.022462450197450856
    },
    "overshooting_per_type": {
        "7": 0.19609498058690802,
        "21": 0.39659966227227994,
        "16": 0.09299126448204917,
        "6": 0.24546664442162958,
        "1": 0.1021127140717501,
        "3": 0.17786325924634083,
        "15": 0.13537863798057123,
        "23": 0.0,
        "0": 0.0454421606777553,
        "4": 0.21881695282350738
    },
    "opacities_per_type": {
        "scaffold": {
            "mu": 0.37043740573152345,
            "sigma": 0.2300348135839419
        },
        "vis_edges": {
            "mu": 0.8462745098039215,
            "sigma": 0.21773470867398367
        },
        "occ_edges": {
            "mu": 0.4684705882352941,
            "sigma": 0.24148134404806573
        },
        "silhouette": {
            "mu": 0.8075414781297136,
            "sigma": 0.21033235231859373
        }
    }
}