{
    "overshooting_over_time": {
        "0": 0.10298896042383149,
        "1": 0.26830394368654537,
        "2": 0.16854224510455176,
        "3": 0.16916332423252642,
        "4": 0.05339026333184401,
        "5": 0.21065863890635825,
        "6": 0.39908706018837947,
        "7": 0.15515351023612742,
        "8": 0.11350533361328259,
        "9": 0.45659806161170774,
        "10": 0.12708139665090248,
        "11": 0.12762584505847957,
        "12": 0.26697338744429977,
        "13": 0.02856683944245056,
        "14": 0.24866068852752138,
        "15": 0.3007416465686684,
        "16": 0.2354691811073101,
        "17": 0.030636151293325503,
        "18": 0.1432278870467825,
        "19": 0.17348492732794624,
        "20": 0.026607484926596814,
        "21": 0.12918485015079006,
        "22": 0.10931292366112974,
        "23": 0.03464660488995763,
        "24": 0.08914378740414146,
        "25": 0.015766555142762206,
        "26": 0.1371338539774045,
        "27": 0.15191715140032147,
        "28": 0.2382377548725806,
        "29": 0.1388530466133123,
        "30": 0.04003657457430601,
        "31": 0.06712569969650278,
        "32": 0.06036635995541731,
        "33": 0.20776119906737991,
        "34": 0.14322529307028836,
        "35": 0.06756137176715754,
        "36": 0.02475665900257043,
        "37": 0.04367084294273316,
        "38": 0.14213116526178016,
        "39": 0.0462161719693632,
        "40": 0.12984226329617612,
        "41": 0.18545840814839443,
        "42": 0.13474701366383482,
        "43": 0.2135669934838827,
        "44": 0.3425860749924577,
        "45": 0.054036871721697355,
        "46": 0.1541671792462299,
        "47": 0.02001862961489706,
        "48": 0.1253621343452368,
        "49": 0.04150162338906801,
        "50": 0.1491547052393229,
        "51": 0.06543120223277993,
        "52": 0.07146716558048269,
        "53": 0.0011426377707501323,
        "54": 0.06367424823827546,
        "55": 0.05231340990690497,
        "56": 0.07032234584085556,
        "57": 0.1678321702699048,
        "58": 0.03372187845786242,
        "59": 0.29751900654991303,
        "60": 0.002589856350897174,
        "61": 0.1189230869887278,
        "62": 0.028963903928857837,
        "63": 0.08371441168094221,
        "64": 0.012488231659889687,
        "65": 0.06083406981810119,
        "66": 0.02371967268900584,
        "67": 0.10623718012279013,
        "68": 0.04886630129860048,
        "69": 0.041445658984906236,
        "70": 0.05618897793244045,
        "71": 0.059331833498070835,
        "72": 0.08223397469050378,
        "73": 0.24207179397003645,
        "74": 0.020466487245180853,
        "75": 0.057582576982175865,
        "76": 0.01501062350392185,
        "77": 0.13878603187003333,
        "78": 0.10285320821717317,
        "79": 0.06121255787058651,
        "80": 0.049892132708194536,
        "81": 0.16168505452167514,
        "82": 0.24939701227610034,
        "83": 0.20161087421671578,
        "84": 0.06132237995864226,
        "85": 0.11217574054367616,
        "86": 0.010597980030220638,
        "87": 0.053550506104410624,
        "88": 0.05030235128161309,
        "89": 0.010742852642335349,
        "90": 0.11466116003531732,
        "91": 0.008732519762760571,
        "92": 0.15812287158287586,
        "93": 0.03550556067095237,
        "94": 0.04290381843185315,
        "95": 0.011782079183681904,
        "96": 0.06131604213857286,
        "97": 0.010864378694810578,
        "98": 0.04416972653198453,
        "99": 0.15123391930040572
    },
    "overshooting_per_type": {
        "7": 0.13551892040823493,
        "21": 0.2696821518334682,
        "6": 0.1828484131291468,
        "20": 0.16980597908496073,
        "12": 0.0716776625489681,
        "1": 0.07757186892147484,
        "15": 0.08212248529527931,
        "0": 0.0651214473839251,
        "3": 0.092983354200984,
        "24": 0.08432335985001893
    },
    "opacities_per_type": {
        "scaffold": {
            "mu": 0.3624355005159959,
            "sigma": 0.23970059852775946
        },
        "vis_edges": {
            "mu": 0.6980823098470157,
            "sigma": 0.31644973440958524
        },
        "occ_edges": {
            "mu": 0.4586115527291998,
            "sigma": 0.2804004148575058
        },
        "silhouette": {
            "mu": 0.7481545559400231,
            "sigma": 0.25433313836211086
        }
    }
}