{
    "overshooting_over_time": {
        "0": 0.11025805351950052,
        "1": 0.3595235682526438,
        "2": 0.23742514451796848,
        "3": 0.03089225235570392,
        "4": 0.198617573121316,
        "5": 0.46617213338911073,
        "6": 0.3280227399906385,
        "7": 0.5744356103895903,
        "8": 0.0419123553034324,
        "9": 0.030901468689659983,
        "10": 0.0069554145707557136,
        "11": 0.1093327693717756,
        "12": 0.011181102534552512,
        "13": 0.049892232482142806,
        "14": 0.05217191045179609,
        "15": 0.4125731480916493,
        "16": 0.0,
        "17": 0.24244504877129963,
        "18": 0.039068548985067786,
        "19": 0.011433230911335579,
        "20": 0.07023658978624892,
        "21": 0.2203250343290747,
        "22": 0.5155285780444736,
        "23": 0.1741410081645074,
        "24": 0.25128052508153065,
        "25": 0.07777938903051212,
        "26": 0.14867150061832135,
        "27": 0.029751952430228656,
        "28": 0.17457939074520806,
        "29": 0.10339698228870031,
        "30": 0.07412307705653154,
        "31": 0.02256396949159034,
        "32": 0.268346067077135,
        "33": 0.19614498905576228,
        "34": 0.14072602489556962,
        "35": 0.06158928810738845,
        "36": 0.018198245712979677,
        "37": 0.7655474708102238,
        "38": 0.01361762296369795,
        "39": 0.0007182778708930138,
        "40": 0.0048157206832953325,
        "41": 0.06554981780832791,
        "42": 0.42167298329540026,
        "43": 0.08926280113564716,
        "44": 0.0435481917888102,
        "45": 0.013704321970226974,
        "46": 0.021376215234154783,
        "47": 0.021564127125475507,
        "48": 0.056120250854434006,
        "49": 0.010819819982220924,
        "50": 0.06852195818217449,
        "51": 0.10368684404133915,
        "52": 0.007333201118199351,
        "53": 0.030325187841491186,
        "54": 0.026070254862533004,
        "55": 0.12892259324051691,
        "56": 0.3701889979245639,
        "57": 0.02606191035159028,
        "58": 0.040409307215731105,
        "59": 0.05909188268797516,
        "60": 0.09361284572025985,
        "61": 0.2672571745035467,
        "62": 0.6898410217817291,
        "63": 0.020973700064244927,
        "64": 0.009847987389673796,
        "65": 0.0007127817542518788,
        "66": 0.0037858099861158845,
        "67": 0.44567653187851713,
        "68": 0.12663463302440991,
        "69": 0.008150805494653635,
        "70": 0.0,
        "71": 0.05306247402566433,
        "72": 0.06570062136947769,
        "73": 0.015298108062089644,
        "74": 0.014251475745430175,
        "75": 0.17619244577792448,
        "76": 0.07833798211699972,
        "77": 0.08562046478694907,
        "78": 0.14892150180477937,
        "79": 0.015906644930977598,
        "80": 0.10085708464989895,
        "81": 0.03181377675684882,
        "82": 0.057356884472550995,
        "83": 0.00780013233882304,
        "84": 0.055809108493724335,
        "85": 0.05821204794552637,
        "86": 0.11849708338182685,
        "87": 0.0777798135447263,
        "88": 0.3758090736347316,
        "89": 0.03697778763754295,
        "90": 0.15582237301051438,
        "91": 0.05759702471335859,
        "92": 0.152069238812012,
        "93": 0.17310555425070218,
        "94": 0.167369457877646,
        "95": 0.03961285778858048,
        "96": 0.4085552249595742,
        "97": 0.21654066536645972,
        "98": 0.026522502383564128,
        "99": 0.4023096669131583
    },
    "overshooting_per_type": {
        "7": 0.1388408673787887,
        "15": 0.20128588732145875,
        "23": 0.028798512356679296,
        "6": 0.20762670722465815,
        "1": 0.11165511650904816,
        "3": 0.12775256564110715,
        "21": 0.2672571745035467,
        "0": 0.11572570503964759
    },
    "opacities_per_type": {
        "scaffold": {
            "mu": 0.17685469025056186,
            "sigma": 0.07068063389246199
        },
        "cross_sections": {
            "mu": 0.22875088248072117,
            "sigma": 0.06980859251789305
        },
        "edges": {
            "mu": 0.21117982480968434,
            "sigma": 0.08723624775150186
        },
        "silhouette": {
            "mu": 0.25729364555964107,
            "sigma": 0.08816129945929134
        }
    }
}