{
    "overshooting_over_time": {
        "0": 0.12847687781860193,
        "1": 0.2594646119715626,
        "2": 0.2746502689429885,
        "3": 0.30687453622260846,
        "4": 0.34769846833268375,
        "5": 0.11683049438343818,
        "6": 0.1529841551108091,
        "7": 0.07107547486851536,
        "8": 0.26290103584146607,
        "9": 0.15821359420354372,
        "10": 0.23187200910348651,
        "11": 0.27706263966190214,
        "12": 0.22104277914335602,
        "13": 0.1538099708758152,
        "14": 0.2504811208863685,
        "15": 0.23704324834730559,
        "16": 0.1911837968086708,
        "17": 0.3157512622265264,
        "18": 0.10180298680193231,
        "19": 0.21880639327660217,
        "20": 0.26048092986168625,
        "21": 0.1803570046289049,
        "22": 0.22703773261590426,
        "23": 0.44371954459167645,
        "24": 0.0762998574738748,
        "25": 0.07867703720782274,
        "26": 0.13752883241398597,
        "27": 0.23388749906286307,
        "28": 0.269983394916702,
        "29": 0.15439529995648643,
        "30": 0.1565391934047946,
        "31": 0.46037310444821256,
        "32": 0.2796814848236278,
        "33": 0.11541464778566968,
        "34": 0.1630599756620235,
        "35": 0.09134295128595832,
        "36": 0.25146785600886845,
        "37": 0.47318832588493853,
        "38": 0.15520491782598136,
        "39": 0.019012763861362886,
        "40": 0.09346960111927419,
        "41": 0.11141876521321573,
        "42": 0.037645472002652114,
        "43": 0.09230822525175586,
        "44": 0.1466174097105977,
        "45": 0.1990172359582219,
        "46": 0.12904350549417923,
        "47": 0.037208092542268534,
        "48": 0.29190726871901135,
        "49": 0.47780161570938995,
        "50": 0.36740578459840306,
        "51": 0.35609217164375795,
        "52": 0.43901994012339046,
        "53": 0.2997869195192093,
        "54": 0.1842253966410019,
        "55": 0.12778535812443248,
        "56": 0.09674918077651687,
        "57": 0.5953293516089624,
        "58": 0.28965026088775625,
        "59": 0.23147670485961633,
        "60": 0.27579395677055285,
        "61": 0.03725991940746628,
        "62": 0.0658132402527869,
        "63": 0.1494303225485693,
        "64": 0.018071947761666346,
        "65": 0.14181095220950873,
        "66": 0.17005299380268435,
        "67": 0.17407024584470815,
        "68": 0.25562300580842934,
        "69": 0.1353669619101232,
        "70": 0.21722251517005783,
        "71": 0.0,
        "72": 0.1393568128379568,
        "73": 0.04054779405913428,
        "74": 0.12365027215167146,
        "75": 0.44971957406053187,
        "76": 0.27215903989228263,
        "77": 0.33219743637945476,
        "78": 0.18743604375657752,
        "79": 0.15826415761445978,
        "80": 0.21642977828187748,
        "81": 0.046831283998195555,
        "82": 0.1257717973322206,
        "83": 0.12383051890428538,
        "84": 0.16931214664782454,
        "85": 0.2290982844190228,
        "86": 0.11325117974426163,
        "87": 0.16011554060301705,
        "88": 0.06094538872486275,
        "89": 0.03585824040180274,
        "90": 0.08987959173994853,
        "91": 0.168119296145837,
        "92": 0.1310965986659802,
        "93": 0.02965767710147422,
        "94": 0.18488478529226585,
        "95": 0.19972670477652849,
        "96": 0.17701312321191615,
        "97": 0.2161348209118382,
        "98": 0.2515038981096554,
        "99": 0.0
    },
    "overshooting_per_type": {
        "7": 0.23753438801434915,
        "6": 0.1497957668188995,
        "1": 0.1698929284853845,
        "2": 0.2517629841922813,
        "21": 0.5968372474187444,
        "5": 0.17494181770275716,
        "11": 0.20488392867171887,
        "12": 0.18922565048403014,
        "3": 0.23081607493825373,
        "15": 0.22621071260047604,
        "0": 0.0785788458677193,
        "10": 0.21610357298964877
    },
    "opacities_per_type": {
        "scaffold": {
            "mu": 0.2355342136854742,
            "sigma": 0.18469078128061095
        },
        "vis_edges": {
            "mu": 0.4536635706914344,
            "sigma": 0.26477521587594666
        },
        "occ_edges": {
            "mu": 0.4549019607843137,
            "sigma": 0.11165572028268037
        },
        "silhouette": {
            "mu": 0.2029411764705882,
            "sigma": 0.20558724570499368
        }
    }
}