{
    "overshooting_over_time": {
        "0": 0.01544824245893972,
        "1": 0.21897648906486555,
        "2": 0.05061640279205951,
        "3": 0.06293413351616768,
        "4": 0.06484486249750739,
        "5": 0.02406812868772386,
        "6": 0.035930422642428406,
        "7": 0.031226465220272837,
        "8": 0.007632082660613437,
        "9": 0.1543122041501865,
        "10": 0.1592168671433151,
        "11": 0.11048849174880508,
        "12": 0.07741002624341682,
        "13": 0.06000538612608123,
        "14": 0.2184119286869264,
        "15": 0.06521190188352115,
        "16": 0.23413216852620422,
        "17": 0.05994577361042434,
        "18": 0.05516665443931257,
        "19": 0.03118508203397426,
        "20": 0.029776702410566624,
        "21": 0.006965713905272415,
        "22": 0.11292936300586338,
        "23": 0.1986407973330474,
        "24": 0.22283696298606037,
        "25": 0.04385227935653124,
        "26": 0.08823295770005346,
        "27": 0.0838033004711165,
        "28": 0.16455383205251542,
        "29": 0.1538700379589761,
        "30": 0.14235916676877872,
        "31": 0.0696124613296012,
        "32": 0.02528981022326175,
        "33": 0.03632303817070026,
        "34": 0.193115243102569,
        "35": 0.0640338676894578,
        "36": 0.003905555974479391,
        "37": 0.0696777195346413,
        "38": 0.015169424526495537,
        "39": 0.03439869405717396,
        "40": 0.009245230499450622,
        "41": 0.004761766606419286,
        "42": 0.015974492075587248,
        "43": 0.039965388802376135,
        "44": 0.06981662736949938,
        "45": 0.36157325430377707,
        "46": 0.07565758275546908,
        "47": 0.20336359355147593,
        "48": 0.07411293539251784,
        "49": 0.03842688475962386,
        "50": 0.00010476928991598466,
        "51": 0.03125417268380796,
        "52": 0.021031875480853463,
        "53": 0.019758885682653566,
        "54": 0.4707583185591246,
        "55": 0.1874834215071328,
        "56": 0.010247928397042508,
        "57": 0.0013440314122200963,
        "58": 0.09771786871590675,
        "59": 0.02343621033123877,
        "60": 0.004032998911193834,
        "61": 0.03310605297183026,
        "62": 0.01278395983974793,
        "63": 0.04753174843715443,
        "64": 0.11067845291952216,
        "65": 0.23272108786536083,
        "66": 0.3615640691165256,
        "67": 0.023916982461640795,
        "68": 0.0,
        "69": 0.004557332636883182,
        "70": 0.06601490678546647,
        "71": 0.03743954778921621,
        "72": 0.0005216282821142171,
        "73": 0.033499854715177656,
        "74": 0.025286662552181077,
        "75": 0.02332725320248552,
        "76": 0.01977238118256915,
        "77": 0.06627339439835052,
        "78": 0.1415718767042742,
        "79": 0.005683798548567376,
        "80": 0.09759218916141947,
        "81": 0.027466435057840338,
        "82": 0.03449585575099956,
        "83": 0.08382280637949442,
        "84": 0.0074702865347140435,
        "85": 0.02266755025014437,
        "86": 0.005572234224642296,
        "87": 0.170525588072556,
        "88": 0.030227262182681087,
        "89": 0.03937370811128771,
        "90": 0.29922460048000593,
        "91": 0.03181829182992527,
        "92": 0.03265169642336363,
        "93": 0.04316401289994887,
        "94": 0.010728882830058609,
        "95": 0.035485698908391185,
        "96": 0.0341660575866943,
        "97": 0.04074673885498089,
        "98": 0.06323475008922479,
        "99": 0.13086116796133945
    },
    "overshooting_per_type": {
        "6": 0.08631151402799207,
        "1": 0.05507348511086109,
        "0": 0.059587994137458425,
        "7": 0.08050468292779125,
        "10": 0.22430910385041353,
        "21": 0.22197749321994006,
        "15": 0.03348629325366839,
        "11": 0.07379824796813737,
        "2": 0.09620796863569771,
        "4": 0.10055023520060154,
        "5": 0.03237300967496165
    },
    "opacities_per_type": {
        "scaffold": {
            "mu": 0.30038633584362257,
            "sigma": 0.107372519234205
        },
        "cross_sections": {
            "mu": 0.3382945445992862,
            "sigma": 0.11175167624127011
        },
        "edges": {
            "mu": 0.39879598838529057,
            "sigma": 0.13070475051095126
        },
        "silhouette": {
            "mu": 0.3667502866014383,
            "sigma": 0.11557223120356357
        }
    }
}