{
    "overshooting_over_time": {
        "0": 0.19253818412973928,
        "1": 0.39871067775527474,
        "2": 0.08224931978775096,
        "3": 0.1795663406598614,
        "4": 0.04107293111914628,
        "5": 0.12529379750624128,
        "6": 0.22099176380813904,
        "7": 0.06149151486572897,
        "8": 0.05029973603111717,
        "9": 0.09762908718059768,
        "10": 0.07440493962593642,
        "11": 0.20817388655771726,
        "12": 0.07506179734159228,
        "13": 0.10625695804878103,
        "14": 0.11020780540686445,
        "15": 0.17558011804980891,
        "16": 0.03706953077204844,
        "17": 0.12279334277728572,
        "18": 0.16112644120401187,
        "19": 0.13080813784757372,
        "20": 0.04980716745887424,
        "21": 0.05317494941927832,
        "22": 0.08036477062468385,
        "23": 0.17208589900481308,
        "24": 0.1573067064265848,
        "25": 0.14993212567446304,
        "26": 0.14140407702585203,
        "27": 0.052436118626040695,
        "28": 0.12659492463262764,
        "29": 0.05909167741908813,
        "30": 0.07386546856505485,
        "31": 0.12170022042878197,
        "32": 0.002837269279758692,
        "33": 0.14381610305855816,
        "34": 0.13214807837100945,
        "35": 0.22762841471873757,
        "36": 0.22884216568194554,
        "37": 0.06350835749630031,
        "38": 0.16550785493337714,
        "39": 0.017456761443050278,
        "40": 0.07710730471137918,
        "41": 0.036635956805336406,
        "42": 0.1253044114580012,
        "43": 0.08029034835767705,
        "44": 0.19940715240027357,
        "45": 0.15249129737960468,
        "46": 0.1315669250229842,
        "47": 0.05276333607534394,
        "48": 0.07474431197688808,
        "49": 0.06140063812140093,
        "50": 0.09299123710304223,
        "51": 0.0801651458189375,
        "52": 0.2252895820827114,
        "53": 0.16411592748661313,
        "54": 0.043958136854173414,
        "55": 0.047846916162071304,
        "56": 0.07325890730358839,
        "57": 0.09179780069982564,
        "58": 0.0904580196267647,
        "59": 0.2262134853157255,
        "60": 0.08506039105810162,
        "61": 0.03434594085354346,
        "62": 0.17233048290635938,
        "63": 0.06743967194681207,
        "64": 0.22981307596726172,
        "65": 0.24257866007594084,
        "66": 0.07286605100037669,
        "67": 0.08213599592014172,
        "68": 0.20580182982456002,
        "69": 0.07896554014619014,
        "70": 0.08220933561224354,
        "71": 0.11039324278200162,
        "72": 0.023399336071989584,
        "73": 0.23342560831160264,
        "74": 0.14327572461511556,
        "75": 0.08782122928964756,
        "76": 0.04998333417568148,
        "77": 0.15905385876924216,
        "78": 0.07441075088279729,
        "79": 0.12466446885059308,
        "80": 0.027932222260003248,
        "81": 0.1401422073098813,
        "82": 0.13007129683290727,
        "83": 0.004903402799501022,
        "84": 0.11816144531194123,
        "85": 0.12232299688495515,
        "86": 0.017658018719898895,
        "87": 0.06859512643185632,
        "88": 0.03744688697604326,
        "89": 0.16289529520195276,
        "90": 0.13438240631449141,
        "91": 0.22264202816328077,
        "92": 0.17984152086719943,
        "93": 0.2686641412925077,
        "94": 0.12250412895473073,
        "95": 0.0750991598881344,
        "96": 0.1120415064194422,
        "97": 0.0933547609433206,
        "98": 0.19664207005232726,
        "99": 0.14295952814315926
    },
    "overshooting_per_type": {
        "6": 0.16038155842082089,
        "14": 0.09469673367449925,
        "11": 0.06805935675137567,
        "1": 0.10153458648315773,
        "15": 0.16967891875755062,
        "3": 0.19462658026696206,
        "7": 0.11122408564027739,
        "21": 0.5822356417719936,
        "2": 0.07259712849139838,
        "5": 0.1559851509993264,
        "0": 0.09348426424583624,
        "10": 0.2627703301600368,
        "4": 0.5696681717631104
    },
    "opacities_per_type": {
        "scaffold": {
            "mu": 0.38473097649645205,
            "sigma": 0.1640231543782509
        },
        "cross_sections": {
            "mu": 0.5717551690989637,
            "sigma": 0.15451425206696903
        },
        "edges": {
            "mu": 0.5519602172083852,
            "sigma": 0.17355941431624647
        },
        "silhouette": {
            "mu": 0.5476534002034394,
            "sigma": 0.1586294541466094
        }
    }
}