{
    "overshooting_over_time": {
        "0": 0.1513622264608546,
        "1": 0.20354423508807754,
        "2": 0.2977795965007984,
        "3": 0.249365908498939,
        "4": 0.20841431907994212,
        "5": 0.26996764415602204,
        "6": 0.10977589319096454,
        "7": 0.17358225827843368,
        "8": 0.12999820412284616,
        "9": 0.13870982474699436,
        "10": 0.163073534698511,
        "11": 0.28617402668425035,
        "12": 0.47398033059947164,
        "13": 0.08065522186972329,
        "14": 0.2324700033545344,
        "15": 0.13352779041276172,
        "16": 0.09074232525353851,
        "17": 0.29537841088163314,
        "18": 0.21698252734235846,
        "19": 0.17956502409510994,
        "20": 0.20243455511892133,
        "21": 0.14706846419855837,
        "22": 0.06628842445524448,
        "23": 0.02764571693643861,
        "24": 0.14154327373256267,
        "25": 0.12809365898364694,
        "26": 0.1481462998356604,
        "27": 0.14101595126847916,
        "28": 0.13668037009526204,
        "29": 0.07558835011269265,
        "30": 0.1250146869509194,
        "31": 0.15293012170678372,
        "32": 0.1765142502622005,
        "33": 0.09264116891279932,
        "34": 0.11339801078519758,
        "35": 0.060221213858531804,
        "36": 0.18259781549332077,
        "37": 0.06722696751606246,
        "38": 0.10496897262994373,
        "39": 0.047634057009271674,
        "40": 0.0765578648184271,
        "41": 0.13664040183694917,
        "42": 0.15578485292346886,
        "43": 0.17005668324068346,
        "44": 0.1685885301261843,
        "45": 0.13024112049791353,
        "46": 0.21433248510509975,
        "47": 0.11120237398766135,
        "48": 0.13404443042643263,
        "49": 0.13119700012895555,
        "50": 0.12157428291921088,
        "51": 0.0898369555996046,
        "52": 0.04502863709460009,
        "53": 0.24413751644994738,
        "54": 0.23609257149046783,
        "55": 0.2974715922140177,
        "56": 0.2749822136957828,
        "57": 0.17961243885730777,
        "58": 0.13551005066887575,
        "59": 0.2734366295705952,
        "60": 0.36060146923468317,
        "61": 0.16965146905636505,
        "62": 0.23223080695292952,
        "63": 0.23928936837346318,
        "64": 0.24274445368386072,
        "65": 0.308082502017208,
        "66": 0.15269443409000968,
        "67": 0.12988215807679224,
        "68": 0.12913368592519167,
        "69": 0.15354242939765303,
        "70": 0.23986420885898865,
        "71": 0.14682108255324283,
        "72": 0.21417442457783484,
        "73": 0.05369469689962478,
        "74": 0.09370563699141897,
        "75": 0.09826253915196835,
        "76": 0.15676315075022093,
        "77": 0.27504681330330294,
        "78": 0.125031182607646,
        "79": 0.251489047350707,
        "80": 0.05726222082529544,
        "81": 0.27976701779310503,
        "82": 0.1338843798230029,
        "83": 0.14451941519009395,
        "84": 0.10891408007418661,
        "85": 0.17484317275329916,
        "86": 0.10770212752251548,
        "87": 0.246221438994127,
        "88": 0.2217238444702057,
        "89": 0.06960040192326879,
        "90": 0.10281343348654674,
        "91": 0.08539530921085424,
        "92": 0.11676418803254002,
        "93": 0.024111916974311032,
        "94": 0.20880145800569075,
        "95": 0.18032859688618813,
        "96": 0.0668490603827334,
        "97": 0.11995292704175525,
        "98": 0.08990230684940567,
        "99": 0.10593284036317643
    },
    "overshooting_per_type": {
        "7": 0.21356637723483288,
        "21": 0.16528317314362273,
        "6": 0.21130435567820086,
        "1": 0.11726998641022367,
        "15": 0.1432944189144352,
        "4": 0.14096437159132857,
        "2": 0.24841139533904827,
        "0": 0.10476721589253526,
        "9": 0.13685422171102885,
        "5": 0.10768706401150595,
        "12": 0.16122505112641333,
        "11": 0.09249551933518962,
        "3": 0.2871782784254733,
        "10": 0.09046706388918274
    },
    "opacities_per_type": {
        "scaffold": {
            "mu": 0.2692022328106865,
            "sigma": 0.09238088960956077
        },
        "cross_sections": {
            "mu": 0.34561499092953063,
            "sigma": 0.09097088258432363
        },
        "edges": {
            "mu": 0.31595515897157583,
            "sigma": 0.09710807050274464
        },
        "silhouette": {
            "mu": 0.33498475001002037,
            "sigma": 0.11024370710143028
        }
    }
}