{
    "overshooting_over_time": {
        "0": 0.18566478800216346,
        "1": 0.1975267014419136,
        "2": 0.12442503730226022,
        "3": 0.07767397639711586,
        "4": 0.40520242518624683,
        "5": 0.08433841719361046,
        "6": 0.29671083674114884,
        "7": 0.2562664133952006,
        "8": 0.19199673852859842,
        "9": 0.14096942259801026,
        "10": 0.18862215043202818,
        "11": 0.24106077912562446,
        "12": 0.21266939929789358,
        "13": 0.44256569465218415,
        "14": 0.1408559306784701,
        "15": 0.08189480657981894,
        "16": 0.2681075405618863,
        "17": 0.252411592054745,
        "18": 0.14921134766662375,
        "19": 0.22593397054135383,
        "20": 0.2624464969951711,
        "21": 0.1978356199008478,
        "22": 0.1909946958568348,
        "23": 0.15302832902127314,
        "24": 0.13058233901173288,
        "25": 0.2791048136272358,
        "26": 0.3422585552720785,
        "27": 0.3928471119995624,
        "28": 0.18322187182866664,
        "29": 0.23660708144566023,
        "30": 0.11920402297175586,
        "31": 0.16115247473501154,
        "32": 0.2032490551620298,
        "33": 0.20071999013950706,
        "34": 0.210492578231468,
        "35": 0.1981135466828508,
        "36": 0.25555380168503056,
        "37": 0.2674092084709249,
        "38": 0.2777204540330101,
        "39": 0.12839373549570182,
        "40": 0.2556218302988591,
        "41": 0.23316763216416478,
        "42": 0.30958552141774665,
        "43": 0.10965679650152242,
        "44": 0.3253879611516175,
        "45": 0.12773997358856828,
        "46": 0.2942008628770638,
        "47": 0.1516686911156258,
        "48": 0.23601404608997764,
        "49": 0.3254148093166943,
        "50": 0.23550905535577268,
        "51": 0.3268476196357801,
        "52": 0.24668933309842753,
        "53": 0.4091034342961705,
        "54": 0.13676814067151527,
        "55": 0.1473917808198081,
        "56": 0.15365458142871602,
        "57": 0.18296177528272378,
        "58": 0.19213708259679776,
        "59": 0.09422238593625612,
        "60": 0.14208596871676543,
        "61": 0.2747363012003198,
        "62": 0.25948711850166795,
        "63": 0.15027538794927647,
        "64": 0.36288697797319985,
        "65": 0.17670914601517715,
        "66": 0.2564878085034957,
        "67": 0.11011170215718402,
        "68": 0.20765698700773888,
        "69": 0.23685768292407258,
        "70": 0.08852741940380633,
        "71": 0.14072442725302609,
        "72": 0.16702322818659895,
        "73": 0.28075557917363014,
        "74": 0.07906985707562639,
        "75": 0.2237584998993463,
        "76": 0.16222662756193484,
        "77": 0.24961189105154885,
        "78": 0.32854168367095893,
        "79": 0.14004274400228595,
        "80": 0.12011478575948713,
        "81": 0.30079660398113967,
        "82": 0.13966703889673335,
        "83": 0.2963637543467286,
        "84": 0.47906754739758234,
        "85": 0.2517524524750557,
        "86": 0.4409926652524813,
        "87": 0.1790965804880428,
        "88": 0.12603250529811794,
        "89": 0.25924676292187404,
        "90": 0.24501153905709794,
        "91": 0.1600947235096601,
        "92": 0.24162494880641802,
        "93": 0.18334607322593532,
        "94": 0.16221177201041587,
        "95": 0.465364627030846,
        "96": 0.19674401634747887,
        "97": 0.21384952329648582,
        "98": 0.2793703309601849,
        "99": 0.2771249300766219
    },
    "overshooting_per_type": {
        "6": 0.21366656258273897,
        "7": 0.2717751690903832,
        "1": 0.1885908684187068,
        "21": 0.24188034668244773,
        "11": 0.03722471027197399,
        "3": 0.14802232090345618,
        "5": 0.18807814152207536,
        "15": 0.4254570981684942,
        "4": 0.10239361091678152,
        "2": 0.2068582540781759,
        "0": 0.20206155890438465,
        "9": 0.20519931013917964
    },
    "opacities_per_type": {
        "scaffold": {
            "mu": 0.22875616218847133,
            "sigma": 0.11521840748612239
        },
        "cross_sections": {
            "mu": 0.2434289211361382,
            "sigma": 0.11028710434918312
        },
        "edges": {
            "mu": 0.24349500513540467,
            "sigma": 0.11473914294942537
        },
        "silhouette": {
            "mu": 0.20845388120053665,
            "sigma": 0.1023932899773105
        }
    }
}