{
    "overshooting_over_time": {
        "0": 0.275152233027797,
        "1": 0.36493406045091337,
        "2": 0.2831166938543731,
        "3": 0.13094401727443475,
        "4": 0.22592606801483858,
        "5": 0.06851858257405954,
        "6": 0.23812070138964064,
        "7": 0.3620286064426015,
        "8": 0.25432358449350617,
        "9": 0.12850374496801453,
        "10": 0.09553260260435299,
        "11": 0.20643302018338533,
        "12": 0.13925512665841783,
        "13": 0.08634671844012504,
        "14": 0.09954868822925347,
        "15": 0.06433011324524138,
        "16": 0.16932118871037,
        "17": 0.27769701671121955,
        "18": 0.15969195622668955,
        "19": 0.16312631806742114,
        "20": 0.35543326247978235,
        "21": 0.16452558315143648,
        "22": 0.1977879132475045,
        "23": 0.2933742392936993,
        "24": 0.3146083503836351,
        "25": 0.12819103855034175,
        "26": 0.1367610012205214,
        "27": 0.15938403149520144,
        "28": 0.08971405544871047,
        "29": 0.1363294327518075,
        "30": 0.09241068492540719,
        "31": 0.0869196084969685,
        "32": 0.07216283306007971,
        "33": 0.2037319809967605,
        "34": 0.15982928606769825,
        "35": 0.16794200450302527,
        "36": 0.1668932323208279,
        "37": 0.10747300179923028,
        "38": 0.09785564457061587,
        "39": 0.08476041534030981,
        "40": 0.12507441170828942,
        "41": 0.21339838869082003,
        "42": 0.29556911761720245,
        "43": 0.26899521378628544,
        "44": 0.0802343837447174,
        "45": 0.25190606172661373,
        "46": 0.1696152732966911,
        "47": 0.08561927769217398,
        "48": 0.19149734920810468,
        "49": 0.04368406298736749,
        "50": 0.3254994320615631,
        "51": 0.16742508578925247,
        "52": 0.13988622557097793,
        "53": 0.21126085538510223,
        "54": 0.054043236816011225,
        "55": 0.22399313439601903,
        "56": 0.3839323012034517,
        "57": 0.050368781380830965,
        "58": 0.1535881528441116,
        "59": 0.15178388053505426,
        "60": 0.3345907579747148,
        "61": 0.2633540700527799,
        "62": 0.1320008033602851,
        "63": 0.09302026396771934,
        "64": 0.09087985891449529,
        "65": 0.025044057072759453,
        "66": 0.04469588591921947,
        "67": 0.0836406218148896,
        "68": 0.059459142931857834,
        "69": 0.06667014471856343,
        "70": 0.22968760185735373,
        "71": 0.14531349303037439,
        "72": 0.11748783710561686,
        "73": 0.105003765804463,
        "74": 0.1992056001534783,
        "75": 0.25971766107291944,
        "76": 0.10176916828209354,
        "77": 0.045444712192111526,
        "78": 0.14598327822461304,
        "79": 0.08442773323033204,
        "80": 0.04859897384261003,
        "81": 0.07614651134646047,
        "82": 0.05747078305655559,
        "83": 0.044813398336209787,
        "84": 0.09957625782784302,
        "85": 0.05629822912927522,
        "86": 0.027388197774059875,
        "87": 0.09688297334022326,
        "88": 0.10825331606536065,
        "89": 0.03620321238970632,
        "90": 0.05742297141286026,
        "91": 0.04683181827853962,
        "92": 0.01480444704653855,
        "93": 0.15174884693363666,
        "94": 0.30040799642810706,
        "95": 0.06314456140078062,
        "96": 0.11216303944740685,
        "97": 0.03008892441278941,
        "98": 0.24917704918930572,
        "99": 0.16492131715810882
    },
    "overshooting_per_type": {
        "7": 0.2154760605373747,
        "21": 0.2530856596961743,
        "1": 0.12814070423998195,
        "6": 0.3203478115595626,
        "2": 0.12856328030381867,
        "16": 0.08916882068161544,
        "20": 0.00801273989159601,
        "15": 0.13508236568590373,
        "3": 0.08287450140879703,
        "0": 0.07369193240710024
    },
    "opacities_per_type": {
        "scaffold": {
            "mu": 0.17171367399273949,
            "sigma": 0.08250878940527853
        },
        "cross_sections": {
            "mu": 0.24740438989925015,
            "sigma": 0.09505947077721726
        },
        "edges": {
            "mu": 0.23303798640965592,
            "sigma": 0.11430004187365984
        },
        "silhouette": {
            "mu": 0.2770959799122837,
            "sigma": 0.11558715837630744
        }
    }
}